audit_id,sample_id,source_locator,reference_form,provider_form,operation,error_category,policy_or_recognition,probable_downstream_consequence,review_status,aggregate_relation
AF-OCR-A001,AF-OCR-P1-INTRO,"PDF page 1, masthead/title/introductory paragraph",„Slovenca“,"„Slovenca""",substitution,punctuation recognition,recognition_error,Phrase search and quotation normalization can diverge.,manually reviewed against facsimile,Included in word S/D/I totals; character S/D/I use a separate whole-string alignment and are not allocated to word rows.
AF-OCR-A002,AF-OCR-P1-INTRO,"PDF page 1, masthead/title/introductory paragraph",30.,"30,",substitution,punctuation recognition,recognition_error,Issue numbering may be parsed incorrectly.,manually reviewed against facsimile,Included in word S/D/I totals; character S/D/I use a separate whole-string alignment and are not allocated to word rows.
AF-OCR-A003,AF-OCR-P1-INTRO,"PDF page 1, masthead/title/introductory paragraph",bori,obri,substitution,letter order,recognition_error,Keyword retrieval for the verb fails.,manually reviewed against facsimile,Included in word S/D/I totals; character S/D/I use a separate whole-string alignment and are not allocated to word rows.
AF-OCR-A004,AF-OCR-P1-INTRO,"PDF page 1, masthead/title/introductory paragraph",ne,,deletion,omitted word,recognition_error,Negation is lost and the sentence meaning changes.,manually reviewed against facsimile,Included in word S/D/I totals; character S/D/I use a separate whole-string alignment and are not allocated to word rows.
AF-OCR-A005,AF-OCR-P1-INTRO,"PDF page 1, masthead/title/introductory paragraph",stanovske,stavovske,substitution,letter deletion,recognition_error,A politically meaningful term becomes an out-of-vocabulary form.,manually reviewed against facsimile,Included in word S/D/I totals; character S/D/I use a separate whole-string alignment and are not allocated to word rows.
AF-OCR-A006,AF-OCR-P1-INTRO,"PDF page 1, masthead/title/introductory paragraph",naroda,,deletion,word-boundary merge,recognition_error,The reference token is lost when two words merge in the provider text.,manually reviewed against facsimile,Included in word S/D/I totals; character S/D/I use a separate whole-string alignment and are not allocated to word rows.
AF-OCR-A007,AF-OCR-P1-INTRO,"PDF page 1, masthead/title/introductory paragraph",in,narodain,substitution,word-boundary merge,recognition_error,"The conjunction aligns to a merged provider token, distorting both searches.",manually reviewed against facsimile,Included in word S/D/I totals; character S/D/I use a separate whole-string alignment and are not allocated to word rows.
AF-OCR-A008,AF-OCR-P1-INTRO,"PDF page 1, masthead/title/introductory paragraph",kulturnega,kultrunega,substitution,letter order,recognition_error,Keyword retrieval and frequency counts diverge.,manually reviewed against facsimile,Included in word S/D/I totals; character S/D/I use a separate whole-string alignment and are not allocated to word rows.
AF-OCR-A009,AF-OCR-P1-INTRO,"PDF page 1, masthead/title/introductory paragraph",ki,i,substitution,initial-letter deletion,recognition_error,The relative clause is tokenized with a non-word form.,manually reviewed against facsimile,Included in word S/D/I totals; character S/D/I use a separate whole-string alignment and are not allocated to word rows.
