record_id,record_kind,page,label_transcribed,label_provider_ocr,date_scope,printed_date,date_normalized,date_status,issue_context_date,printed_person_or_group,entity_structure,authority_candidate,authority_link_status,authority_evidence,source_locator,evidence_note,synthetic
AF-ISSUE-001,issue,1-2,"Ilustrirani Slovenec, štev. 7",Ilustrirani Slovenec,issue_publication,7. februarja 1925,1925-02-07,exact,,,zero_people,,not_applicable,The issue record does not represent a person.,masthead and both pages,The issue date and numbering are printed in the masthead and reported by dLib.,false
AF-P1-001,captioned_feature,1,Triumf dr. Korošca v slovenski LJubljani.,Triurni dr. Korošca T slovenski LJubljani.,depicted_event,"v nedeljo, dne 1. t. m.",1925-02-01,derived_from_relative_date,1925-02-07,dr. Korošec,one_person,,not_attempted,The printed name is preserved; external authority reconciliation was not attempted.,lower-left photograph and caption,The event date is derived from the printed relative expression and issue date.,true
AF-P1-002,captioned_feature,1,Pogled v strugo Ljubljanice.,Pogled v strugo Ljubljanice.,photograph_creation,,,unknown,1925-02-07,,zero_people,,not_applicable,The selected unit contains no printed person label.,lower-right photograph and caption,No photograph-creation date is printed; the issue date is context only.,false
AF-P1-003,portrait,1,Dr. Ante Trumbić,Dr. Ante Trumbié,not_modelled,,,not_applicable,1925-02-07,Dr. Ante Trumbić,one_person,,not_attempted,The printed name is clear; lack of an external URI does not make the local identity unresolved.,bottom portrait 1 and caption,The transcription preserves the visible diacritic and does not add an authority identifier.,false
AF-P1-004,portrait,1,Frane Poljanec,Frane Poljanee,referenced_event,27. jan. t. l.,1925-01-27,derived_from_relative_date,1925-02-07,Frane Poljanec,one_person,,not_attempted,The printed name is clear; external authority reconciliation was not attempted.,bottom portrait 4 and caption,The date is derived from the printed expression and the issue year.,false
AF-P2-001,group_portrait,2,Nemški poslanski klub,Nemški poslanski klub,not_modelled,,,not_applicable,1925-02-07,Nemški poslanski klub,multiple_people,,not_applicable,The aggregate unit represents several named deputies and requires person-level relation rows for authority work.,top-left group portrait and caption,The group is not modelled as one unresolved person.,false
AF-P2-002,captioned_feature,2,»Napredna« tržnica v tretji prestolici SHS.,»Napredna^c tržnica v tretji prestolici SHS.,not_modelled,,,not_applicable,1925-02-07,,zero_people,,not_applicable,The selected unit contains no printed person label.,middle-left photograph and caption,The polemical caption is transcribed as source rhetoric rather than neutral description.,false
AF-P2-003,captioned_feature,2,Iz zadnjega volivnega boja v Ameriki.,Iz zadnjega volivnega boja v Ameriki.,not_modelled,,,not_applicable,1925-02-07,Mr. Meeker,one_person,Ezra Meeker,accepted,Name and age resemblance are insufficient to connect the printed Meker to Ezra Meeker.,bottom-right photograph and caption,The printed form Meker is retained and the tested external candidate is not accepted.,true
AF-P1-002-DUP,captioned_feature,1,Pogled v strugo Ljubljanice.,Pogled v strugo Ljubljanice.,photograph_creation,,,unknown,1925-02-07,,zero_people,,not_applicable,The selected unit contains no printed person label.,lower-right photograph and caption,Declared synthetic duplicate teaching row; do not cite.,true
