mention_id,mention_source_id,mention_source_locator,source_form,mention_date_start,mention_date_end,mention_date_kind,place_id,review_status,confidence,evidence,boundary_id,boundary_valid_start,boundary_valid_end,boundary_source_id,centre_membership,possible_memberships,name_id,toponym,language,name_context,name_source_id,name_source_locator,name_valid_start,name_valid_end,comparison_interval_start,comparison_interval_end,comparison_scope,synthetic
SYN-M1,SYN-D2,input/dossier.md#syn-d2,St. Peter,1910-06-15,1910-06-16,event_window,SYN-L1,unresolved,possible,Workplace description insufficient to select candidate 1,SYN-B1910,1910-01-01,1920-01-01,SYN-BORDER,SYN-EAST,SYN-W|SYN-EAST,SYN-T1,St. Peter,de,fictional_gazetteer,SYN-NAMES,input/dossier.md#syn-names,1910-01-01,1930-01-01,1910-01-01,1920-01-01,candidate_place_history_not_mention_duration,true
SYN-M1,SYN-D2,input/dossier.md#syn-d2,St. Peter,1910-06-15,1910-06-16,event_window,SYN-L1,unresolved,possible,Workplace description insufficient to select candidate 1,SYN-B1910,1910-01-01,1920-01-01,SYN-BORDER,SYN-EAST,SYN-W|SYN-EAST,SYN-T2,Šent Peter,sl,fictional_gazetteer,SYN-NAMES,input/dossier.md#syn-names,1910-01-01,1917-01-01,1910-01-01,1917-01-01,candidate_place_history_not_mention_duration,true
SYN-M1,SYN-D2,input/dossier.md#syn-d2,St. Peter,1910-06-15,1910-06-16,event_window,SYN-L1,unresolved,possible,Workplace description insufficient to select candidate 1,SYN-B1910,1910-01-01,1920-01-01,SYN-BORDER,SYN-EAST,SYN-W|SYN-EAST,SYN-T3,Šentpeter,sl,fictional_gazetteer,SYN-NAMES,input/dossier.md#syn-names,1917-01-01,1930-01-01,1917-01-01,1920-01-01,candidate_place_history_not_mention_duration,true
SYN-M1,SYN-D2,input/dossier.md#syn-d2,St. Peter,1910-06-15,1910-06-16,event_window,SYN-L2,unresolved,possible,Workplace description insufficient to select candidate 2,SYN-B1910,1910-01-01,1920-01-01,SYN-BORDER,SYN-EAST,SYN-EAST,SYN-T4,St. Peter,de,fictional_gazetteer,SYN-NAMES,input/dossier.md#syn-names,1910-01-01,1930-01-01,1910-01-01,1920-01-01,candidate_place_history_not_mention_duration,true
SYN-M1,SYN-D2,input/dossier.md#syn-d2,St. Peter,1910-06-15,1910-06-16,event_window,SYN-L2,unresolved,possible,Workplace description insufficient to select candidate 2,SYN-B1910,1910-01-01,1920-01-01,SYN-BORDER,SYN-EAST,SYN-EAST,SYN-T5,Sveti Peter,sl,fictional_gazetteer,SYN-NAMES,input/dossier.md#syn-names,1910-01-01,1930-01-01,1910-01-01,1920-01-01,candidate_place_history_not_mention_duration,true
SYN-M1,SYN-D2,input/dossier.md#syn-d2,St. Peter,1910-06-15,1910-06-16,event_window,SYN-L1,unresolved,possible,Workplace description insufficient to select candidate 1,SYN-B1925,1920-01-01,1930-01-01,SYN-BORDER,SYN-W,SYN-W|SYN-EAST,SYN-T1,St. Peter,de,fictional_gazetteer,SYN-NAMES,input/dossier.md#syn-names,1910-01-01,1930-01-01,1920-01-01,1930-01-01,candidate_place_history_not_mention_duration,true
SYN-M1,SYN-D2,input/dossier.md#syn-d2,St. Peter,1910-06-15,1910-06-16,event_window,SYN-L1,unresolved,possible,Workplace description insufficient to select candidate 1,SYN-B1925,1920-01-01,1930-01-01,SYN-BORDER,SYN-W,SYN-W|SYN-EAST,SYN-T3,Šentpeter,sl,fictional_gazetteer,SYN-NAMES,input/dossier.md#syn-names,1917-01-01,1930-01-01,1920-01-01,1930-01-01,candidate_place_history_not_mention_duration,true
SYN-M1,SYN-D2,input/dossier.md#syn-d2,St. Peter,1910-06-15,1910-06-16,event_window,SYN-L2,unresolved,possible,Workplace description insufficient to select candidate 2,SYN-B1925,1920-01-01,1930-01-01,SYN-BORDER,SYN-EAST,SYN-EAST,SYN-T4,St. Peter,de,fictional_gazetteer,SYN-NAMES,input/dossier.md#syn-names,1910-01-01,1930-01-01,1920-01-01,1930-01-01,candidate_place_history_not_mention_duration,true
SYN-M1,SYN-D2,input/dossier.md#syn-d2,St. Peter,1910-06-15,1910-06-16,event_window,SYN-L2,unresolved,possible,Workplace description insufficient to select candidate 2,SYN-B1925,1920-01-01,1930-01-01,SYN-BORDER,SYN-EAST,SYN-EAST,SYN-T5,Sveti Peter,sl,fictional_gazetteer,SYN-NAMES,input/dossier.md#syn-names,1910-01-01,1930-01-01,1920-01-01,1930-01-01,candidate_place_history_not_mention_duration,true
