record_id,record_kind,page,label_transcribed,label_provider_ocr,printed_date,date_normalized,date_certainty,person_as_printed,authority_candidate,identity_status,source_locator,evidence_note,synthetic
AF-ISSUE-001,issue,1-2,"Ilustrirani Slovenec, štev. 7",Ilustrirani Slovenec,7. februarja 1925,1925-02-07,exact,,,not_applicable,masthead and both pages,Issue date and numbering are printed in the masthead; the provider record describes a two-page PDF.,false
AF-P1-001,captioned_feature,1,Triumf dr. Korošca v slovenski LJubljani.,Triurni dr. Korošca T slovenski LJubljani.,"v nedeljo, dne 1. t. m.",1925-02-01,derived_from_relative_date,dr. Korošec,,unresolved,lower left photograph and caption,"The normalized date is derived from the issue date and the printed relative date, not supplied by the provider.",true
AF-P1-002,captioned_feature,1,Pogled v strugo Ljubljanice.,Pogled v strugo Ljubljanice.,,1925,approximate,,,not_applicable,lower right photograph and caption,The photograph date is not printed; 1925 is only an issue-context approximation.,false
AF-P1-003,portrait,1,Dr. Ante Trumbić,Dr. Ante Trumbié,,,unknown,Dr. Ante Trumbić,,unresolved,bottom portrait 1 and caption,The record preserves the diacritic visible in the printed caption and does not add an authority identifier.,false
AF-P1-004,portrait,1,Frane Poljanec,Frane Poljanee,27. jan. t. l.,1925-01-27,derived_from_relative_date,Frane Poljanec,,unresolved,bottom portrait 4 and caption,The normalized date is derived from the issue year and printed relative date.,false
AF-P2-001,group_portrait,2,Nemški poslanski klub,Nemški poslanski klub,,,unknown,,,multiple_people,top-left group portrait and caption,The caption names eight deputies; a single-person authority field would misrepresent the unit.,false
AF-P2-002,captioned_feature,2,»Napredna« tržnica v tretji prestolici SHS.,»Napredna^c tržnica v tretji prestolici SHS.,,,unknown,,,not_applicable,middle-left photograph and caption,Quotation marks and the final letter are unstable in the OCR; the caption is polemical rather than neutral description.,false
AF-P2-003,captioned_feature,2,Iz zadnjega volivnega boja v Ameriki.,Iz zadnjega volivnega boja v Ameriki.,,,unknown,Mr. Meeker,Ezra Meeker,unresolved,bottom-right photograph and caption,The caption calls the speaker a 94-year-old historian. A tempting modern authority match is not accepted without external evidence.,true
AF-P1-002-DUP,captioned_feature,1,Pogled v strugo Ljubljanice.,Pogled v strugo Ljubljanice.,,1925,approximate,,,not_applicable,lower right photograph and caption,Synthetic duplicate teaching row; do not cite.,true
